t,kind,detail,fx,fy,com_x,com_y
0.0,state,STAND,,,,
0.004,state,ANKLE_RECOVER,,,,
0.005,state,STAND,,,,
0.071,state,ANKLE_RECOVER,,,,
0.0715,state,STAND,,,,
0.075,state,ANKLE_RECOVER,,,,
0.0755,state,STAND,,,,
0.076,state,ANKLE_RECOVER,,,,
0.0765,state,STAND,,,,
0.0805,state,ANKLE_RECOVER,,,,
0.081,state,STAND,,,,
0.0865,state,ANKLE_RECOVER,,,,
0.087,state,STAND,,,,
0.089,state,ANKLE_RECOVER,,,,
0.0895,state,STAND,,,,
0.11,state,ANKLE_RECOVER,,,,
0.1105,state,STAND,,,,
0.1215,state,ANKLE_RECOVER,,,,
0.122,state,STAND,,,,
0.137,state,ANKLE_RECOVER,,,,
0.1375,state,STAND,,,,
0.1555,state,ANKLE_RECOVER,,,,
0.156,state,STAND,,,,
0.163,state,ANKLE_RECOVER,,,,
0.1655,state,STAND,,,,
0.167,state,ANKLE_RECOVER,,,,
0.168,state,STAND,,,,
0.175,state,ANKLE_RECOVER,,,,
0.176,state,STAND,,,,
0.1765,state,ANKLE_RECOVER,,,,
0.1775,state,STAND,,,,
0.1875,state,ANKLE_RECOVER,,,,
0.189,state,STAND,,,,
0.196,state,ANKLE_RECOVER,,,,
0.1965,state,STAND,,,,
0.202,state,ANKLE_RECOVER,,,,
0.203,state,STAND,,,,
0.206,state,ANKLE_RECOVER,,,,
0.2065,state,STAND,,,,
0.222,state,ANKLE_RECOVER,,,,
0.2225,state,STAND,,,,
0.2455,state,ANKLE_RECOVER,,,,
0.246,state,STAND,,,,
0.2475,state,ANKLE_RECOVER,,,,
0.248,state,STAND,,,,
0.275,state,ANKLE_RECOVER,,,,
0.276,state,STAND,,,,
0.281,state,ANKLE_RECOVER,,,,
0.2825,state,STAND,,,,
0.294,state,ANKLE_RECOVER,,,,
0.2945,state,STAND,,,,
0.31,state,ANKLE_RECOVER,,,,
0.311,state,STAND,,,,
0.32,state,ANKLE_RECOVER,,,,
0.3205,state,STAND,,,,
0.4125,state,ANKLE_RECOVER,,,,
0.413,state,STAND,,,,
0.4185,state,ANKLE_RECOVER,,,,
0.4195,state,STAND,,,,
0.422,state,ANKLE_RECOVER,,,,
0.4225,state,STAND,,,,
0.4425,state,ANKLE_RECOVER,,,,
0.443,state,STAND,,,,
0.4465,state,ANKLE_RECOVER,,,,
0.448,state,STAND,,,,
0.4495,state,ANKLE_RECOVER,,,,
0.45,state,STAND,,,,
0.4515,state,ANKLE_RECOVER,,,,
0.4535,state,STAND,,,,
0.468,state,ANKLE_RECOVER,,,,
0.4685,state,STAND,,,,
0.4715,state,ANKLE_RECOVER,,,,
0.472,state,STAND,,,,
0.4825,state,ANKLE_RECOVER,,,,
0.483,state,STAND,,,,
0.4845,state,ANKLE_RECOVER,,,,
0.485,state,STAND,,,,
0.49,state,ANKLE_RECOVER,,,,
0.4905,state,STAND,,,,
0.5135,state,ANKLE_RECOVER,,,,
0.514,state,STAND,,,,
0.5165,state,ANKLE_RECOVER,,,,
0.517,state,STAND,,,,
0.5185,state,ANKLE_RECOVER,,,,
0.5195,state,STAND,,,,
0.5285,state,ANKLE_RECOVER,,,,
0.529,state,STAND,,,,
0.5455,state,ANKLE_RECOVER,,,,
0.546,state,STAND,,,,
0.5475,state,ANKLE_RECOVER,,,,
0.5515,state,STAND,,,,
0.5555,state,ANKLE_RECOVER,,,,
0.5565,state,STAND,,,,
0.5605,state,ANKLE_RECOVER,,,,
0.561,state,STAND,,,,
0.5875,state,ANKLE_RECOVER,,,,
0.5885,state,STAND,,,,
0.5955,state,ANKLE_RECOVER,,,,
0.596,state,STAND,,,,
0.602,state,ANKLE_RECOVER,,,,
0.6025,state,STAND,,,,
0.6255,state,ANKLE_RECOVER,,,,
0.626,state,STAND,,,,
0.627,state,ANKLE_RECOVER,,,,
0.6275,state,STAND,,,,
0.647,state,ANKLE_RECOVER,,,,
0.6475,state,STAND,,,,
0.7035,state,ANKLE_RECOVER,,,,
0.704,state,STAND,,,,
0.747,state,ANKLE_RECOVER,,,,
0.7475,state,STAND,,,,
0.765,state,ANKLE_RECOVER,,,,
0.7655,state,STAND,,,,
0.7735,state,ANKLE_RECOVER,,,,
0.774,state,STAND,,,,
0.7765,state,ANKLE_RECOVER,,,,
0.777,state,STAND,,,,
0.779,state,ANKLE_RECOVER,,,,
0.7795,state,STAND,,,,
0.787,state,ANKLE_RECOVER,,,,
0.7875,state,STAND,,,,
0.801,state,ANKLE_RECOVER,,,,
0.8015,state,STAND,,,,
0.8125,state,ANKLE_RECOVER,,,,
0.813,state,STAND,,,,
0.814,state,ANKLE_RECOVER,,,,
0.8145,state,STAND,,,,
0.8175,state,ANKLE_RECOVER,,,,
0.8185,state,STAND,,,,
0.835,state,ANKLE_RECOVER,,,,
0.837,state,STAND,,,,
0.841,state,ANKLE_RECOVER,,,,
0.8425,state,STAND,,,,
0.8435,state,ANKLE_RECOVER,,,,
0.844,state,STAND,,,,
0.8475,state,ANKLE_RECOVER,,,,
0.8485,state,STAND,,,,
0.851,state,ANKLE_RECOVER,,,,
0.852,state,STAND,,,,
0.855,state,ANKLE_RECOVER,,,,
0.856,state,STAND,,,,
0.858,state,ANKLE_RECOVER,,,,
0.8585,state,STAND,,,,
0.8675,state,ANKLE_RECOVER,,,,
0.868,state,STAND,,,,
0.8765,state,ANKLE_RECOVER,,,,
0.877,state,STAND,,,,
0.8795,state,ANKLE_RECOVER,,,,
0.88,state,STAND,,,,
0.8855,state,ANKLE_RECOVER,,,,
0.886,state,STAND,,,,
0.8975,state,ANKLE_RECOVER,,,,
0.898,state,STAND,,,,
0.8995,state,ANKLE_RECOVER,,,,
0.9,state,STAND,,,,
0.9005,state,ANKLE_RECOVER,,,,
0.901,state,STAND,,,,
0.909,state,ANKLE_RECOVER,,,,
0.91,state,STAND,,,,
0.912,state,ANKLE_RECOVER,,,,
0.9125,state,STAND,,,,
0.9145,state,ANKLE_RECOVER,,,,
0.9155,state,STAND,,,,
0.9235,state,ANKLE_RECOVER,,,,
0.924,state,STAND,,,,
0.9325,state,ANKLE_RECOVER,,,,
0.9335,state,STAND,,,,
0.9345,state,ANKLE_RECOVER,,,,
0.939,state,STAND,,,,
0.941,state,ANKLE_RECOVER,,,,
0.9435,state,STAND,,,,
0.9445,state,ANKLE_RECOVER,,,,
0.9455,state,STAND,,,,
0.949,state,ANKLE_RECOVER,,,,
0.9495,state,STAND,,,,
0.9525,state,ANKLE_RECOVER,,,,
0.953,state,STAND,,,,
0.9585,state,ANKLE_RECOVER,,,,
0.959,state,STAND,,,,
0.966,state,ANKLE_RECOVER,,,,
0.967,state,STAND,,,,
0.969,state,ANKLE_RECOVER,,,,
0.97,state,STAND,,,,
0.9735,state,ANKLE_RECOVER,,,,
0.974,state,STAND,,,,
0.9785,state,ANKLE_RECOVER,,,,
0.9795,state,STAND,,,,
0.9825,state,ANKLE_RECOVER,,,,
0.983,state,STAND,,,,
0.993,state,ANKLE_RECOVER,,,,
0.9935,state,STAND,,,,
1.001,state,ANKLE_RECOVER,,,,
1.0015,state,STAND,,,,
1.005,state,ANKLE_RECOVER,,,,
1.006,state,STAND,,,,
1.019,state,ANKLE_RECOVER,,,,
1.0195,state,STAND,,,,
1.038,state,ANKLE_RECOVER,,,,
1.0385,state,STAND,,,,
1.04,state,ANKLE_RECOVER,,,,
1.0405,state,STAND,,,,
1.0445,state,ANKLE_RECOVER,,,,
1.045,state,STAND,,,,
1.0485,state,ANKLE_RECOVER,,,,
1.049,state,STAND,,,,
1.071,state,ANKLE_RECOVER,,,,
1.072,state,STAND,,,,
1.078,state,ANKLE_RECOVER,,,,
1.0785,state,STAND,,,,
1.082,state,ANKLE_RECOVER,,,,
1.083,state,STAND,,,,
1.1,state,ANKLE_RECOVER,,,,
1.1005,state,STAND,,,,
1.1015,state,ANKLE_RECOVER,,,,
1.102,state,STAND,,,,
1.104,state,ANKLE_RECOVER,,,,
1.1045,state,STAND,,,,
1.106,state,ANKLE_RECOVER,,,,
1.1065,state,STAND,,,,
1.117,state,ANKLE_RECOVER,,,,
1.118,state,STAND,,,,
1.1455,state,ANKLE_RECOVER,,,,
1.146,state,STAND,,,,
1.154,state,ANKLE_RECOVER,,,,
1.1545,state,STAND,,,,
1.1555,state,ANKLE_RECOVER,,,,
1.156,state,STAND,,,,
1.1785,state,ANKLE_RECOVER,,,,
1.179,state,STAND,,,,
1.1925,state,ANKLE_RECOVER,,,,
1.1935,state,STAND,,,,
1.194,state,ANKLE_RECOVER,,,,
1.1945,state,STAND,,,,
1.228,state,ANKLE_RECOVER,,,,
1.2285,state,STAND,,,,
1.266,state,ANKLE_RECOVER,,,,
1.2665,state,STAND,,,,
1.268,state,ANKLE_RECOVER,,,,
1.2685,state,STAND,,,,
1.2755,state,ANKLE_RECOVER,,,,
1.2765,state,STAND,,,,
1.305,state,ANKLE_RECOVER,,,,
1.3055,state,STAND,,,,
1.316,state,ANKLE_RECOVER,,,,
1.3165,state,STAND,,,,
1.32,state,ANKLE_RECOVER,,,,
1.3205,state,STAND,,,,
1.341,state,ANKLE_RECOVER,,,,
1.3415,state,STAND,,,,
1.379,state,ANKLE_RECOVER,,,,
1.3795,state,STAND,,,,
1.434,state,ANKLE_RECOVER,,,,
1.4345,state,STAND,,,,
1.44,state,ANKLE_RECOVER,,,,
1.4405,state,STAND,,,,
1.446,state,ANKLE_RECOVER,,,,
1.4495,state,STAND,,,,
1.452,state,ANKLE_RECOVER,,,,
1.4525,state,STAND,,,,
1.453,state,ANKLE_RECOVER,,,,
1.4535,state,STAND,,,,
1.4685,state,ANKLE_RECOVER,,,,
1.469,state,STAND,,,,
1.473,state,ANKLE_RECOVER,,,,
1.4735,state,STAND,,,,
1.476,state,ANKLE_RECOVER,,,,
1.4765,state,STAND,,,,
1.479,state,ANKLE_RECOVER,,,,
1.48,state,STAND,,,,
1.4825,state,ANKLE_RECOVER,,,,
1.483,state,STAND,,,,
1.488,state,ANKLE_RECOVER,,,,
1.489,state,STAND,,,,
1.496,state,ANKLE_RECOVER,,,,
1.4965,state,STAND,,,,
1.4995,state,ANKLE_RECOVER,,,,
1.5,state,STAND,,,,
1.521,state,ANKLE_RECOVER,,,,
1.5215,state,STAND,,,,
1.5245,state,ANKLE_RECOVER,,,,
1.525,state,STAND,,,,
1.5275,state,ANKLE_RECOVER,,,,
1.528,state,STAND,,,,
1.5735,state,ANKLE_RECOVER,,,,
1.574,state,STAND,,,,
1.614,state,ANKLE_RECOVER,,,,
1.6145,state,STAND,,,,
1.619,state,ANKLE_RECOVER,,,,
1.6195,state,STAND,,,,
1.6265,state,ANKLE_RECOVER,,,,
1.627,state,STAND,,,,
1.636,state,ANKLE_RECOVER,,,,
1.6365,state,STAND,,,,
1.6395,state,ANKLE_RECOVER,,,,
1.6405,state,STAND,,,,
1.6615,state,ANKLE_RECOVER,,,,
1.662,state,STAND,,,,
1.6775,state,ANKLE_RECOVER,,,,
1.678,state,STAND,,,,
1.6995,state,ANKLE_RECOVER,,,,
1.7,state,STAND,,,,
1.712,state,ANKLE_RECOVER,,,,
1.7125,state,STAND,,,,
1.7265,state,ANKLE_RECOVER,,,,
1.727,state,STAND,,,,
1.7315,state,ANKLE_RECOVER,,,,
1.732,state,STAND,,,,
1.765,state,ANKLE_RECOVER,,,,
1.7655,state,STAND,,,,
1.767,state,ANKLE_RECOVER,,,,
1.768,state,STAND,,,,
1.7695,state,ANKLE_RECOVER,,,,
1.7705,state,STAND,,,,
1.791,state,ANKLE_RECOVER,,,,
1.7915,state,STAND,,,,
1.8035,state,ANKLE_RECOVER,,,,
1.804,state,STAND,,,,
1.8235,state,ANKLE_RECOVER,,,,
1.824,state,STAND,,,,
1.825,state,ANKLE_RECOVER,,,,
1.8255,state,STAND,,,,
1.858,state,ANKLE_RECOVER,,,,
1.859,state,STAND,,,,
1.8635,state,ANKLE_RECOVER,,,,
1.864,state,STAND,,,,
1.927,state,ANKLE_RECOVER,,,,
1.9275,state,STAND,,,,
1.934,state,ANKLE_RECOVER,,,,
1.9345,state,STAND,,,,
1.9475,state,ANKLE_RECOVER,,,,
1.948,state,STAND,,,,
1.959,state,ANKLE_RECOVER,,,,
1.9595,state,STAND,,,,
1.9845,state,ANKLE_RECOVER,,,,
1.9855,state,STAND,,,,
1.99,state,ANKLE_RECOVER,,,,
1.9905,state,STAND,,,,
1.9915,state,ANKLE_RECOVER,,,,
1.9925,state,STAND,,,,
1.994,state,ANKLE_RECOVER,,,,
1.996,state,STAND,,,,
1.998,state,ANKLE_RECOVER,,,,
1.9985,state,STAND,,,,
2.0005,state,ANKLE_RECOVER,,,,
2.001,state,STAND,,,,
2.0105,state,ANKLE_RECOVER,,,,
2.011,state,STAND,,,,
2.026,state,ANKLE_RECOVER,,,,
2.0265,state,STAND,,,,
2.027,state,ANKLE_RECOVER,,,,
2.0275,state,STAND,,,,
2.0475,state,ANKLE_RECOVER,,,,
2.048,state,STAND,,,,
2.0545,state,ANKLE_RECOVER,,,,
2.055,state,STAND,,,,
2.0625,state,ANKLE_RECOVER,,,,
2.063,state,STAND,,,,
2.0645,state,ANKLE_RECOVER,,,,
2.065,state,STAND,,,,
2.067,state,ANKLE_RECOVER,,,,
2.0675,state,STAND,,,,
2.0765,state,ANKLE_RECOVER,,,,
2.0775,state,STAND,,,,
2.081,state,ANKLE_RECOVER,,,,
2.0815,state,STAND,,,,
2.099,state,ANKLE_RECOVER,,,,
2.0995,state,STAND,,,,
2.1065,state,ANKLE_RECOVER,,,,
2.1075,state,STAND,,,,
2.116,state,ANKLE_RECOVER,,,,
2.1165,state,STAND,,,,
2.131,state,ANKLE_RECOVER,,,,
2.1315,state,STAND,,,,
2.1355,state,ANKLE_RECOVER,,,,
2.136,state,STAND,,,,
2.167,state,ANKLE_RECOVER,,,,
2.1675,state,STAND,,,,
2.169,state,ANKLE_RECOVER,,,,
2.1715,state,STAND,,,,
2.1755,state,ANKLE_RECOVER,,,,
2.176,state,STAND,,,,
2.18,state,ANKLE_RECOVER,,,,
2.1805,state,STAND,,,,
2.187,state,ANKLE_RECOVER,,,,
2.1875,state,STAND,,,,
2.188,state,ANKLE_RECOVER,,,,
2.1885,state,STAND,,,,
2.206,state,ANKLE_RECOVER,,,,
2.2065,state,STAND,,,,
2.2165,state,ANKLE_RECOVER,,,,
2.217,state,STAND,,,,
2.2275,state,ANKLE_RECOVER,,,,
2.229,state,STAND,,,,
2.23,state,ANKLE_RECOVER,,,,
2.2305,state,STAND,,,,
2.246,state,ANKLE_RECOVER,,,,
2.25,state,STAND,,,,
2.2505,state,ANKLE_RECOVER,,,,
2.252,state,STAND,,,,
2.2555,state,ANKLE_RECOVER,,,,
2.2565,state,STAND,,,,
2.2585,state,ANKLE_RECOVER,,,,
2.259,state,STAND,,,,
2.2615,state,ANKLE_RECOVER,,,,
2.262,state,STAND,,,,
2.275,state,ANKLE_RECOVER,,,,
2.2755,state,STAND,,,,
2.276,state,ANKLE_RECOVER,,,,
2.2765,state,STAND,,,,
2.2825,state,ANKLE_RECOVER,,,,
2.283,state,STAND,,,,
2.288,state,ANKLE_RECOVER,,,,
2.2885,state,STAND,,,,
2.2915,state,ANKLE_RECOVER,,,,
2.292,state,STAND,,,,
2.3115,state,ANKLE_RECOVER,,,,
2.312,state,STAND,,,,
2.313,state,ANKLE_RECOVER,,,,
2.3145,state,STAND,,,,
2.3155,state,ANKLE_RECOVER,,,,
2.316,state,STAND,,,,
2.3195,state,ANKLE_RECOVER,,,,
2.32,state,STAND,,,,
2.3385,state,ANKLE_RECOVER,,,,
2.339,state,STAND,,,,
2.387,state,ANKLE_RECOVER,,,,
2.3885,state,STAND,,,,
2.3905,state,ANKLE_RECOVER,,,,
2.3915,state,STAND,,,,
2.4005,state,ANKLE_RECOVER,,,,
2.401,state,STAND,,,,
2.405,state,ANKLE_RECOVER,,,,
2.4055,state,STAND,,,,
2.419,state,ANKLE_RECOVER,,,,
2.4195,state,STAND,,,,
2.4575,state,ANKLE_RECOVER,,,,
2.458,state,STAND,,,,
2.4625,state,ANKLE_RECOVER,,,,
2.463,state,STAND,,,,
2.4715,state,ANKLE_RECOVER,,,,
2.472,state,STAND,,,,
2.473,state,ANKLE_RECOVER,,,,
2.4735,state,STAND,,,,
2.491,state,ANKLE_RECOVER,,,,
2.4915,state,STAND,,,,
2.493,state,ANKLE_RECOVER,,,,
2.4935,state,STAND,,,,
2.494,state,ANKLE_RECOVER,,,,
2.4955,state,STAND,,,,
2.4965,state,ANKLE_RECOVER,,,,
2.498,state,STAND,,,,
2.5,push,forward 25N,25.0,0.0,0.0011889668963594006,0.005644909793957386
2.5125,state,ANKLE_RECOVER,,,,
2.684,state,STAND,,,,
2.6855,state,ANKLE_RECOVER,,,,
2.6875,state,STAND,,,,
2.7,state,ANKLE_RECOVER,,,,
2.701,state,STAND,,,,
2.7025,state,ANKLE_RECOVER,,,,
2.7035,state,STAND,,,,
2.708,state,ANKLE_RECOVER,,,,
2.7085,state,STAND,,,,
2.71,state,ANKLE_RECOVER,,,,
2.7105,state,STAND,,,,
2.727,state,ANKLE_RECOVER,,,,
2.7275,state,STAND,,,,
2.7365,state,ANKLE_RECOVER,,,,
2.7405,state,STAND,,,,
2.743,state,ANKLE_RECOVER,,,,
2.748,state,STAND,,,,
2.7505,state,ANKLE_RECOVER,,,,
2.753,state,STAND,,,,
2.754,state,ANKLE_RECOVER,,,,
2.7555,state,STAND,,,,
2.756,state,ANKLE_RECOVER,,,,
2.7565,state,STAND,,,,
2.764,state,ANKLE_RECOVER,,,,
2.765,state,STAND,,,,
2.778,state,ANKLE_RECOVER,,,,
2.7785,state,STAND,,,,
2.7795,state,ANKLE_RECOVER,,,,
2.7805,state,STAND,,,,
2.785,state,ANKLE_RECOVER,,,,
2.7855,state,STAND,,,,
2.786,state,ANKLE_RECOVER,,,,
2.7865,state,STAND,,,,
2.801,state,ANKLE_RECOVER,,,,
2.8015,state,STAND,,,,
2.8045,state,ANKLE_RECOVER,,,,
2.805,state,STAND,,,,
2.8055,state,ANKLE_RECOVER,,,,
2.806,state,STAND,,,,
2.8145,state,ANKLE_RECOVER,,,,
2.815,state,STAND,,,,
2.8165,state,ANKLE_RECOVER,,,,
2.817,state,STAND,,,,
2.8305,state,ANKLE_RECOVER,,,,
2.831,state,STAND,,,,
2.8315,state,ANKLE_RECOVER,,,,
2.833,state,STAND,,,,
2.834,state,ANKLE_RECOVER,,,,
2.8355,state,STAND,,,,
2.8365,state,ANKLE_RECOVER,,,,
2.837,state,STAND,,,,
2.838,state,ANKLE_RECOVER,,,,
2.8385,state,STAND,,,,
2.856,state,ANKLE_RECOVER,,,,
2.8565,state,STAND,,,,
2.87,state,ANKLE_RECOVER,,,,
2.8705,state,STAND,,,,
2.8745,state,ANKLE_RECOVER,,,,
2.9955,state,STAND,,,,
2.996,state,ANKLE_RECOVER,,,,
2.9965,state,STAND,,,,
2.998,state,ANKLE_RECOVER,,,,
2.9995,state,STAND,,,,
3.002,state,ANKLE_RECOVER,,,,
3.0025,state,STAND,,,,
3.007,state,ANKLE_RECOVER,,,,
3.0095,state,STAND,,,,
3.0205,state,ANKLE_RECOVER,,,,
3.0235,state,STAND,,,,
3.0245,state,ANKLE_RECOVER,,,,
3.025,state,STAND,,,,
3.0265,state,ANKLE_RECOVER,,,,
3.027,state,STAND,,,,
3.0345,state,ANKLE_RECOVER,,,,
3.0355,state,STAND,,,,
3.037,state,ANKLE_RECOVER,,,,
3.038,state,STAND,,,,
3.039,state,ANKLE_RECOVER,,,,
3.0395,state,STAND,,,,
3.044,state,ANKLE_RECOVER,,,,
3.0445,state,STAND,,,,
3.05,state,ANKLE_RECOVER,,,,
3.0505,state,STAND,,,,
3.062,state,ANKLE_RECOVER,,,,
3.0625,state,STAND,,,,
3.0725,state,ANKLE_RECOVER,,,,
3.074,state,STAND,,,,
3.0865,state,ANKLE_RECOVER,,,,
3.087,state,STAND,,,,
3.0875,state,ANKLE_RECOVER,,,,
3.089,state,STAND,,,,
3.0895,state,ANKLE_RECOVER,,,,
3.0905,state,STAND,,,,
3.1005,state,ANKLE_RECOVER,,,,
3.101,state,STAND,,,,
3.1025,state,ANKLE_RECOVER,,,,
3.103,state,STAND,,,,
3.111,state,ANKLE_RECOVER,,,,
3.1115,state,STAND,,,,
3.112,state,ANKLE_RECOVER,,,,
3.1125,state,STAND,,,,
3.1145,state,ANKLE_RECOVER,,,,
3.12,state,STAND,,,,
3.124,state,ANKLE_RECOVER,,,,
3.1245,state,STAND,,,,
3.1295,state,ANKLE_RECOVER,,,,
3.1305,state,STAND,,,,
3.1475,state,ANKLE_RECOVER,,,,
3.149,state,STAND,,,,
3.152,state,ANKLE_RECOVER,,,,
3.153,state,STAND,,,,
3.157,state,ANKLE_RECOVER,,,,
3.158,state,STAND,,,,
3.163,state,ANKLE_RECOVER,,,,
3.1635,state,STAND,,,,
3.1665,state,ANKLE_RECOVER,,,,
3.167,state,STAND,,,,
3.17,state,ANKLE_RECOVER,,,,
3.1715,state,STAND,,,,
3.184,state,ANKLE_RECOVER,,,,
3.1845,state,STAND,,,,
3.186,state,ANKLE_RECOVER,,,,
3.1865,state,STAND,,,,
3.189,state,ANKLE_RECOVER,,,,
3.1895,state,STAND,,,,
3.225,state,ANKLE_RECOVER,,,,
3.226,state,STAND,,,,
3.2305,state,ANKLE_RECOVER,,,,
3.2315,state,STAND,,,,
3.235,state,ANKLE_RECOVER,,,,
3.236,state,STAND,,,,
3.241,state,ANKLE_RECOVER,,,,
3.2415,state,STAND,,,,
3.2495,state,ANKLE_RECOVER,,,,
3.2505,state,STAND,,,,
3.252,state,ANKLE_RECOVER,,,,
3.2525,state,STAND,,,,
3.288,state,ANKLE_RECOVER,,,,
3.2895,state,STAND,,,,
3.2905,state,ANKLE_RECOVER,,,,
3.291,state,STAND,,,,
3.307,state,ANKLE_RECOVER,,,,
3.3075,state,STAND,,,,
3.321,state,ANKLE_RECOVER,,,,
3.3215,state,STAND,,,,
3.342,state,ANKLE_RECOVER,,,,
3.3425,state,STAND,,,,
3.344,state,ANKLE_RECOVER,,,,
3.3445,state,STAND,,,,
3.347,state,ANKLE_RECOVER,,,,
3.3475,state,STAND,,,,
3.352,state,ANKLE_RECOVER,,,,
3.3535,state,STAND,,,,
3.3595,state,ANKLE_RECOVER,,,,
3.3605,state,STAND,,,,
3.3655,state,ANKLE_RECOVER,,,,
3.366,state,STAND,,,,
3.3725,state,ANKLE_RECOVER,,,,
3.373,state,STAND,,,,
3.374,state,ANKLE_RECOVER,,,,
3.3745,state,STAND,,,,
3.384,state,ANKLE_RECOVER,,,,
3.3845,state,STAND,,,,
3.411,state,ANKLE_RECOVER,,,,
3.4115,state,STAND,,,,
3.433,state,ANKLE_RECOVER,,,,
3.4335,state,STAND,,,,
3.441,state,ANKLE_RECOVER,,,,
3.4415,state,STAND,,,,
3.4485,state,ANKLE_RECOVER,,,,
3.449,state,STAND,,,,
3.4585,state,ANKLE_RECOVER,,,,
3.459,state,STAND,,,,
3.472,state,ANKLE_RECOVER,,,,
3.4725,state,STAND,,,,
3.474,state,ANKLE_RECOVER,,,,
3.4745,state,STAND,,,,
3.476,state,ANKLE_RECOVER,,,,
3.4765,state,STAND,,,,
3.5455,state,ANKLE_RECOVER,,,,
3.546,state,STAND,,,,
3.5495,state,ANKLE_RECOVER,,,,
3.55,state,STAND,,,,
3.555,state,ANKLE_RECOVER,,,,
3.5555,state,STAND,,,,
3.591,state,ANKLE_RECOVER,,,,
3.5915,state,STAND,,,,
3.5945,state,ANKLE_RECOVER,,,,
3.595,state,STAND,,,,
3.601,state,ANKLE_RECOVER,,,,
3.6015,state,STAND,,,,
3.6095,state,ANKLE_RECOVER,,,,
3.61,state,STAND,,,,
3.616,state,ANKLE_RECOVER,,,,
3.617,state,STAND,,,,
3.6865,state,ANKLE_RECOVER,,,,
3.687,state,STAND,,,,
3.695,state,ANKLE_RECOVER,,,,
3.6955,state,STAND,,,,
3.7795,state,ANKLE_RECOVER,,,,
3.78,state,STAND,,,,
3.7805,state,ANKLE_RECOVER,,,,
3.781,state,STAND,,,,
3.8255,state,ANKLE_RECOVER,,,,
3.826,state,STAND,,,,
3.836,state,ANKLE_RECOVER,,,,
3.8365,state,STAND,,,,
3.8435,state,ANKLE_RECOVER,,,,
3.844,state,STAND,,,,
3.877,state,ANKLE_RECOVER,,,,
3.879,state,STAND,,,,
3.884,state,ANKLE_RECOVER,,,,
3.8845,state,STAND,,,,
3.8875,state,ANKLE_RECOVER,,,,
3.8885,state,STAND,,,,
3.8965,state,ANKLE_RECOVER,,,,
3.897,state,STAND,,,,
3.934,state,ANKLE_RECOVER,,,,
3.9345,state,STAND,,,,
3.941,state,ANKLE_RECOVER,,,,
3.9415,state,STAND,,,,
3.9955,state,ANKLE_RECOVER,,,,
3.996,state,STAND,,,,
4.0,state,ANKLE_RECOVER,,,,
4.0005,state,STAND,,,,
4.002,state,ANKLE_RECOVER,,,,
4.0025,state,STAND,,,,
4.0705,state,ANKLE_RECOVER,,,,
4.071,state,STAND,,,,
4.16,state,ANKLE_RECOVER,,,,
4.1615,state,STAND,,,,
4.17,state,ANKLE_RECOVER,,,,
4.1725,state,STAND,,,,
4.1765,state,ANKLE_RECOVER,,,,
4.1865,state,STAND,,,,
4.1885,state,ANKLE_RECOVER,,,,
4.189,state,STAND,,,,
4.197,state,ANKLE_RECOVER,,,,
4.198,state,STAND,,,,
4.201,state,ANKLE_RECOVER,,,,
4.2015,state,STAND,,,,
4.214,state,ANKLE_RECOVER,,,,
4.2145,state,STAND,,,,
4.2185,state,ANKLE_RECOVER,,,,
4.219,state,STAND,,,,
4.2225,state,ANKLE_RECOVER,,,,
4.2235,state,STAND,,,,
4.224,state,ANKLE_RECOVER,,,,
4.2245,state,STAND,,,,
4.2285,state,ANKLE_RECOVER,,,,
4.2295,state,STAND,,,,
4.233,state,ANKLE_RECOVER,,,,
4.2335,state,STAND,,,,
4.2425,state,ANKLE_RECOVER,,,,
4.2435,state,STAND,,,,
4.2555,state,ANKLE_RECOVER,,,,
4.257,state,STAND,,,,
4.28,state,ANKLE_RECOVER,,,,
4.281,state,STAND,,,,
4.289,state,ANKLE_RECOVER,,,,
4.2895,state,STAND,,,,
4.2935,state,ANKLE_RECOVER,,,,
4.294,state,STAND,,,,
4.2945,state,ANKLE_RECOVER,,,,
4.296,state,STAND,,,,
4.3165,state,ANKLE_RECOVER,,,,
4.3175,state,STAND,,,,
4.324,state,ANKLE_RECOVER,,,,
4.3285,state,STAND,,,,
4.331,state,ANKLE_RECOVER,,,,
4.332,state,STAND,,,,
4.3415,state,ANKLE_RECOVER,,,,
4.342,state,STAND,,,,
4.3425,state,ANKLE_RECOVER,,,,
4.343,state,STAND,,,,
4.3435,state,ANKLE_RECOVER,,,,
4.344,state,STAND,,,,
4.3475,state,ANKLE_RECOVER,,,,
4.348,state,STAND,,,,
4.358,state,ANKLE_RECOVER,,,,
4.3585,state,STAND,,,,
4.366,state,ANKLE_RECOVER,,,,
4.3665,state,STAND,,,,
4.382,state,ANKLE_RECOVER,,,,
4.383,state,STAND,,,,
4.384,state,ANKLE_RECOVER,,,,
4.3845,state,STAND,,,,
4.392,state,ANKLE_RECOVER,,,,
4.3925,state,STAND,,,,
4.4115,state,ANKLE_RECOVER,,,,
4.4125,state,STAND,,,,
4.415,state,ANKLE_RECOVER,,,,
4.416,state,STAND,,,,
4.4185,state,ANKLE_RECOVER,,,,
4.419,state,STAND,,,,
4.437,state,ANKLE_RECOVER,,,,
4.4375,state,STAND,,,,
4.4395,state,ANKLE_RECOVER,,,,
4.441,state,STAND,,,,
4.4435,state,ANKLE_RECOVER,,,,
4.4455,state,STAND,,,,
4.454,state,ANKLE_RECOVER,,,,
4.4545,state,STAND,,,,
4.4795,state,ANKLE_RECOVER,,,,
4.48,state,STAND,,,,
4.4835,state,ANKLE_RECOVER,,,,
4.485,state,STAND,,,,
4.488,state,ANKLE_RECOVER,,,,
4.4885,state,STAND,,,,
4.4955,state,ANKLE_RECOVER,,,,
4.4965,state,STAND,,,,
4.4985,state,ANKLE_RECOVER,,,,
4.499,state,STAND,,,,
4.5345,state,ANKLE_RECOVER,,,,
4.535,state,STAND,,,,
4.5395,state,ANKLE_RECOVER,,,,
4.54,state,STAND,,,,
4.542,state,ANKLE_RECOVER,,,,
4.5425,state,STAND,,,,
4.5575,state,ANKLE_RECOVER,,,,
4.558,state,STAND,,,,
4.561,state,ANKLE_RECOVER,,,,
4.562,state,STAND,,,,
4.568,state,ANKLE_RECOVER,,,,
4.5685,state,STAND,,,,
4.5885,state,ANKLE_RECOVER,,,,
4.589,state,STAND,,,,
4.6555,state,ANKLE_RECOVER,,,,
4.656,state,STAND,,,,
4.6595,state,ANKLE_RECOVER,,,,
4.66,state,STAND,,,,
4.663,state,ANKLE_RECOVER,,,,
4.6635,state,STAND,,,,
4.666,state,ANKLE_RECOVER,,,,
4.6665,state,STAND,,,,
4.6835,state,ANKLE_RECOVER,,,,
4.684,state,STAND,,,,
4.6875,state,ANKLE_RECOVER,,,,
4.688,state,STAND,,,,
4.6925,state,ANKLE_RECOVER,,,,
4.693,state,STAND,,,,
4.724,state,ANKLE_RECOVER,,,,
4.7245,state,STAND,,,,
4.7365,state,ANKLE_RECOVER,,,,
4.737,state,STAND,,,,
4.7455,state,ANKLE_RECOVER,,,,
4.746,state,STAND,,,,
4.7625,state,ANKLE_RECOVER,,,,
4.7635,state,STAND,,,,
4.764,state,ANKLE_RECOVER,,,,
4.765,state,STAND,,,,
4.79,state,ANKLE_RECOVER,,,,
4.7905,state,STAND,,,,
4.804,state,ANKLE_RECOVER,,,,
4.8045,state,STAND,,,,
4.8225,state,ANKLE_RECOVER,,,,
4.823,state,STAND,,,,
4.8265,state,ANKLE_RECOVER,,,,
4.827,state,STAND,,,,
4.843,state,ANKLE_RECOVER,,,,
4.8455,state,STAND,,,,
4.853,state,ANKLE_RECOVER,,,,
4.8535,state,STAND,,,,
4.858,state,ANKLE_RECOVER,,,,
4.8585,state,STAND,,,,
4.878,state,ANKLE_RECOVER,,,,
4.8785,state,STAND,,,,
4.953,state,ANKLE_RECOVER,,,,
4.9535,state,STAND,,,,
4.972,state,ANKLE_RECOVER,,,,
4.9725,state,STAND,,,,
4.973,state,ANKLE_RECOVER,,,,
4.974,state,STAND,,,,
4.9895,state,ANKLE_RECOVER,,,,
4.99,state,STAND,,,,
4.9905,state,ANKLE_RECOVER,,,,
4.991,state,STAND,,,,
5.01,state,ANKLE_RECOVER,,,,
5.011,state,STAND,,,,
5.015,state,ANKLE_RECOVER,,,,
5.0165,state,STAND,,,,
5.0175,state,ANKLE_RECOVER,,,,
5.018,state,STAND,,,,
5.0235,state,ANKLE_RECOVER,,,,
5.024,state,STAND,,,,
5.034,state,ANKLE_RECOVER,,,,
5.0345,state,STAND,,,,
5.035,state,ANKLE_RECOVER,,,,
5.0355,state,STAND,,,,
5.038,state,ANKLE_RECOVER,,,,
5.049,state,STAND,,,,
5.0695,state,ANKLE_RECOVER,,,,
5.07,state,STAND,,,,
5.0765,state,ANKLE_RECOVER,,,,
5.077,state,STAND,,,,
5.0785,state,ANKLE_RECOVER,,,,
5.079,state,STAND,,,,
5.0795,state,ANKLE_RECOVER,,,,
5.08,state,STAND,,,,
5.093,state,ANKLE_RECOVER,,,,
5.0935,state,STAND,,,,
5.0945,state,ANKLE_RECOVER,,,,
5.095,state,STAND,,,,
5.1005,state,ANKLE_RECOVER,,,,
5.101,state,STAND,,,,
5.1015,state,ANKLE_RECOVER,,,,
5.102,state,STAND,,,,
5.1085,state,ANKLE_RECOVER,,,,
5.109,state,STAND,,,,
5.1245,state,ANKLE_RECOVER,,,,
5.125,state,STAND,,,,
5.1375,state,ANKLE_RECOVER,,,,
5.138,state,STAND,,,,
5.139,state,ANKLE_RECOVER,,,,
5.14,state,STAND,,,,
5.144,state,ANKLE_RECOVER,,,,
5.145,state,STAND,,,,
5.158,state,ANKLE_RECOVER,,,,
5.1585,state,STAND,,,,
5.1755,state,ANKLE_RECOVER,,,,
5.176,state,STAND,,,,
5.177,state,ANKLE_RECOVER,,,,
5.1775,state,STAND,,,,
5.179,state,ANKLE_RECOVER,,,,
5.18,state,STAND,,,,
5.1855,state,ANKLE_RECOVER,,,,
5.186,state,STAND,,,,
5.188,state,ANKLE_RECOVER,,,,
5.1885,state,STAND,,,,
5.195,state,ANKLE_RECOVER,,,,
5.1955,state,STAND,,,,
5.2005,state,ANKLE_RECOVER,,,,
5.2015,state,STAND,,,,
5.202,state,ANKLE_RECOVER,,,,
5.2035,state,STAND,,,,
5.2235,state,ANKLE_RECOVER,,,,
5.224,state,STAND,,,,
5.253,state,ANKLE_RECOVER,,,,
5.2535,state,STAND,,,,
5.257,state,ANKLE_RECOVER,,,,
5.2575,state,STAND,,,,
5.26,state,ANKLE_RECOVER,,,,
5.2605,state,STAND,,,,
5.277,state,ANKLE_RECOVER,,,,
5.2775,state,STAND,,,,
5.288,state,ANKLE_RECOVER,,,,
5.2885,state,STAND,,,,
5.327,state,ANKLE_RECOVER,,,,
5.333,state,STAND,,,,
5.335,state,ANKLE_RECOVER,,,,
5.3355,state,STAND,,,,
5.391,state,ANKLE_RECOVER,,,,
5.392,state,STAND,,,,
5.399,state,ANKLE_RECOVER,,,,
5.3995,state,STAND,,,,
5.422,state,ANKLE_RECOVER,,,,
5.4225,state,STAND,,,,
5.425,state,ANKLE_RECOVER,,,,
5.4255,state,STAND,,,,
5.5005,push,backward 20N,-20.0,0.0,0.014244874268753802,0.011077316211286136
5.5055,state,ANKLE_RECOVER,,,,
5.506,state,STAND,,,,
5.5275,state,ANKLE_RECOVER,,,,
5.5345,state,STAND,,,,
5.542,state,ANKLE_RECOVER,,,,
5.543,state,STAND,,,,
5.5535,state,ANKLE_RECOVER,,,,
5.5555,state,STAND,,,,
5.558,state,ANKLE_RECOVER,,,,
5.5585,state,STAND,,,,
5.5595,state,ANKLE_RECOVER,,,,
5.56,state,STAND,,,,
5.5665,state,ANKLE_RECOVER,,,,
5.567,state,STAND,,,,
5.5715,state,ANKLE_RECOVER,,,,
5.572,state,STAND,,,,
5.5865,state,ANKLE_RECOVER,,,,
5.587,state,STAND,,,,
5.5955,state,ANKLE_RECOVER,,,,
5.596,state,STAND,,,,
5.597,state,ANKLE_RECOVER,,,,
5.5975,state,STAND,,,,
5.599,state,ANKLE_RECOVER,,,,
5.5995,state,STAND,,,,
5.603,state,ANKLE_RECOVER,,,,
5.6035,state,STAND,,,,
5.612,state,ANKLE_RECOVER,,,,
5.6125,state,STAND,,,,
5.6135,state,ANKLE_RECOVER,,,,
5.614,state,STAND,,,,
5.6255,state,ANKLE_RECOVER,,,,
5.6265,state,STAND,,,,
5.66,state,ANKLE_RECOVER,,,,
5.6605,state,STAND,,,,
5.6755,state,ANKLE_RECOVER,,,,
5.6815,state,STAND,,,,
5.689,state,ANKLE_RECOVER,,,,
5.7025,state,STAND,,,,
5.7115,state,ANKLE_RECOVER,,,,
5.712,state,STAND,,,,
5.716,state,ANKLE_RECOVER,,,,
5.7165,state,STAND,,,,
5.7215,state,ANKLE_RECOVER,,,,
5.722,state,STAND,,,,
5.725,state,ANKLE_RECOVER,,,,
5.726,state,STAND,,,,
5.734,state,ANKLE_RECOVER,,,,
5.7345,state,STAND,,,,
5.7375,state,ANKLE_RECOVER,,,,
5.7385,state,STAND,,,,
5.7485,state,ANKLE_RECOVER,,,,
5.749,state,STAND,,,,
5.7515,state,ANKLE_RECOVER,,,,
5.752,state,STAND,,,,
5.7545,state,ANKLE_RECOVER,,,,
5.755,state,STAND,,,,
5.7635,state,ANKLE_RECOVER,,,,
5.764,state,STAND,,,,
5.7775,state,ANKLE_RECOVER,,,,
5.7785,state,STAND,,,,
5.78,state,ANKLE_RECOVER,,,,
5.7815,state,STAND,,,,
5.7845,state,ANKLE_RECOVER,,,,
5.786,state,STAND,,,,
5.787,state,ANKLE_RECOVER,,,,
5.7885,state,STAND,,,,
5.791,state,ANKLE_RECOVER,,,,
5.796,state,STAND,,,,
5.797,state,ANKLE_RECOVER,,,,
5.798,state,STAND,,,,
5.7985,state,ANKLE_RECOVER,,,,
5.799,state,STAND,,,,
5.8,state,ANKLE_RECOVER,,,,
5.8005,state,STAND,,,,
5.8025,state,ANKLE_RECOVER,,,,
5.8035,state,STAND,,,,
5.807,state,ANKLE_RECOVER,,,,
5.809,state,STAND,,,,
5.81,state,ANKLE_RECOVER,,,,
5.8115,state,STAND,,,,
5.8135,state,ANKLE_RECOVER,,,,
5.8145,state,STAND,,,,
5.815,state,ANKLE_RECOVER,,,,
5.817,state,STAND,,,,
5.8175,state,ANKLE_RECOVER,,,,
5.818,state,STAND,,,,
5.8305,state,ANKLE_RECOVER,,,,
5.831,state,STAND,,,,
5.832,state,ANKLE_RECOVER,,,,
5.8325,state,STAND,,,,
5.86,state,ANKLE_RECOVER,,,,
5.8605,state,STAND,,,,
5.8615,state,ANKLE_RECOVER,,,,
5.863,state,STAND,,,,
5.865,state,ANKLE_RECOVER,,,,
5.8665,state,STAND,,,,
5.87,state,ANKLE_RECOVER,,,,
5.8705,state,STAND,,,,
5.8815,state,ANKLE_RECOVER,,,,
5.882,state,STAND,,,,
5.915,state,ANKLE_RECOVER,,,,
5.9155,state,STAND,,,,
5.925,state,ANKLE_RECOVER,,,,
5.9255,state,STAND,,,,
5.928,state,ANKLE_RECOVER,,,,
5.929,state,STAND,,,,
5.9665,state,ANKLE_RECOVER,,,,
5.9675,state,STAND,,,,
5.971,state,ANKLE_RECOVER,,,,
5.9715,state,STAND,,,,
5.98,state,ANKLE_RECOVER,,,,
5.9805,state,STAND,,,,
5.99,state,ANKLE_RECOVER,,,,
5.9905,state,STAND,,,,
6.034,state,ANKLE_RECOVER,,,,
6.0345,state,STAND,,,,
6.037,state,ANKLE_RECOVER,,,,
6.0375,state,STAND,,,,
6.039,state,ANKLE_RECOVER,,,,
6.0395,state,STAND,,,,
6.0485,state,ANKLE_RECOVER,,,,
6.049,state,STAND,,,,
6.0565,state,ANKLE_RECOVER,,,,
6.057,state,STAND,,,,
6.089,state,ANKLE_RECOVER,,,,
6.0895,state,STAND,,,,
6.1125,state,ANKLE_RECOVER,,,,
6.113,state,STAND,,,,
6.1155,state,ANKLE_RECOVER,,,,
6.116,state,STAND,,,,
6.1315,state,ANKLE_RECOVER,,,,
6.132,state,STAND,,,,
6.1515,state,ANKLE_RECOVER,,,,
6.1525,state,STAND,,,,
6.158,state,ANKLE_RECOVER,,,,
6.1585,state,STAND,,,,
6.1635,state,ANKLE_RECOVER,,,,
6.164,state,STAND,,,,
6.175,state,ANKLE_RECOVER,,,,
6.1765,state,STAND,,,,
6.1775,state,ANKLE_RECOVER,,,,
6.1805,state,STAND,,,,
6.1855,state,ANKLE_RECOVER,,,,
6.186,state,STAND,,,,
6.1875,state,ANKLE_RECOVER,,,,
6.188,state,STAND,,,,
6.189,state,ANKLE_RECOVER,,,,
6.19,state,STAND,,,,
6.196,state,ANKLE_RECOVER,,,,
6.1975,state,STAND,,,,
6.205,state,ANKLE_RECOVER,,,,
6.2055,state,STAND,,,,
6.2105,state,ANKLE_RECOVER,,,,
6.211,state,STAND,,,,
6.2205,state,ANKLE_RECOVER,,,,
6.221,state,STAND,,,,
6.2285,state,ANKLE_RECOVER,,,,
6.229,state,STAND,,,,
6.2325,state,ANKLE_RECOVER,,,,
6.233,state,STAND,,,,
6.2845,state,ANKLE_RECOVER,,,,
6.285,state,STAND,,,,
6.2905,state,ANKLE_RECOVER,,,,
6.2915,state,STAND,,,,
6.304,state,ANKLE_RECOVER,,,,
6.306,state,STAND,,,,
6.3085,state,ANKLE_RECOVER,,,,
6.309,state,STAND,,,,
6.3095,state,ANKLE_RECOVER,,,,
6.31,state,STAND,,,,
6.3875,state,ANKLE_RECOVER,,,,
6.389,state,STAND,,,,
6.391,state,ANKLE_RECOVER,,,,
6.3915,state,STAND,,,,
6.399,state,ANKLE_RECOVER,,,,
6.3995,state,STAND,,,,
6.404,state,ANKLE_RECOVER,,,,
6.4045,state,STAND,,,,
6.4055,state,ANKLE_RECOVER,,,,
6.406,state,STAND,,,,
6.431,state,ANKLE_RECOVER,,,,
6.4315,state,STAND,,,,
6.456,state,ANKLE_RECOVER,,,,
6.4565,state,STAND,,,,
6.473,state,ANKLE_RECOVER,,,,
6.4735,state,STAND,,,,
6.4815,state,ANKLE_RECOVER,,,,
6.482,state,STAND,,,,
6.4855,state,ANKLE_RECOVER,,,,
6.486,state,STAND,,,,
6.4895,state,ANKLE_RECOVER,,,,
6.49,state,STAND,,,,
6.4915,state,ANKLE_RECOVER,,,,
6.492,state,STAND,,,,
6.505,state,ANKLE_RECOVER,,,,
6.507,state,STAND,,,,
6.54,state,ANKLE_RECOVER,,,,
6.5405,state,STAND,,,,
6.5495,state,ANKLE_RECOVER,,,,
6.55,state,STAND,,,,
6.557,state,ANKLE_RECOVER,,,,
6.5575,state,STAND,,,,
6.584,state,ANKLE_RECOVER,,,,
6.5845,state,STAND,,,,
6.6335,state,ANKLE_RECOVER,,,,
6.6345,state,STAND,,,,
6.64,state,ANKLE_RECOVER,,,,
6.6405,state,STAND,,,,
6.6435,state,ANKLE_RECOVER,,,,
6.644,state,STAND,,,,
6.6925,state,ANKLE_RECOVER,,,,
6.693,state,STAND,,,,
6.6995,state,ANKLE_RECOVER,,,,
6.7,state,STAND,,,,
6.711,state,ANKLE_RECOVER,,,,
6.712,state,STAND,,,,
6.7165,state,ANKLE_RECOVER,,,,
6.717,state,STAND,,,,
6.7485,state,ANKLE_RECOVER,,,,
6.749,state,STAND,,,,
6.757,state,ANKLE_RECOVER,,,,
6.7575,state,STAND,,,,
6.804,state,ANKLE_RECOVER,,,,
6.8045,state,STAND,,,,
6.8075,state,ANKLE_RECOVER,,,,
6.808,state,STAND,,,,
6.8145,state,ANKLE_RECOVER,,,,
6.816,state,STAND,,,,
6.8675,state,ANKLE_RECOVER,,,,
6.868,state,STAND,,,,
6.872,state,ANKLE_RECOVER,,,,
6.8725,state,STAND,,,,
6.88,state,ANKLE_RECOVER,,,,
6.881,state,STAND,,,,
6.95,state,ANKLE_RECOVER,,,,
6.951,state,STAND,,,,
6.9555,state,ANKLE_RECOVER,,,,
6.957,state,STAND,,,,
6.961,state,ANKLE_RECOVER,,,,
6.9615,state,STAND,,,,
6.9805,state,ANKLE_RECOVER,,,,
6.983,state,STAND,,,,
7.064,state,ANKLE_RECOVER,,,,
7.0645,state,STAND,,,,
7.0985,state,ANKLE_RECOVER,,,,
7.0995,state,STAND,,,,
7.11,state,ANKLE_RECOVER,,,,
7.1105,state,STAND,,,,
7.1115,state,ANKLE_RECOVER,,,,
7.112,state,STAND,,,,
7.121,state,ANKLE_RECOVER,,,,
7.122,state,STAND,,,,
7.1235,state,ANKLE_RECOVER,,,,
7.124,state,STAND,,,,
7.1355,state,ANKLE_RECOVER,,,,
7.136,state,STAND,,,,
7.1365,state,ANKLE_RECOVER,,,,
7.1385,state,STAND,,,,
7.204,state,ANKLE_RECOVER,,,,
7.2045,state,STAND,,,,
7.208,state,ANKLE_RECOVER,,,,
7.209,state,STAND,,,,
7.211,state,ANKLE_RECOVER,,,,
7.2115,state,STAND,,,,
7.2125,state,ANKLE_RECOVER,,,,
7.2135,state,STAND,,,,
7.216,state,ANKLE_RECOVER,,,,
7.2165,state,STAND,,,,
7.236,state,ANKLE_RECOVER,,,,
7.237,state,STAND,,,,
7.238,state,ANKLE_RECOVER,,,,
7.239,state,STAND,,,,
7.241,state,ANKLE_RECOVER,,,,
7.242,state,STAND,,,,
7.2425,state,ANKLE_RECOVER,,,,
7.243,state,STAND,,,,
7.244,state,ANKLE_RECOVER,,,,
7.2445,state,STAND,,,,
7.2555,state,ANKLE_RECOVER,,,,
7.257,state,STAND,,,,
7.259,state,ANKLE_RECOVER,,,,
7.26,state,STAND,,,,
7.2615,state,ANKLE_RECOVER,,,,
7.262,state,STAND,,,,
7.263,state,ANKLE_RECOVER,,,,
7.2635,state,STAND,,,,
7.2745,state,ANKLE_RECOVER,,,,
7.275,state,STAND,,,,
7.2965,state,ANKLE_RECOVER,,,,
7.297,state,STAND,,,,
7.2975,state,ANKLE_RECOVER,,,,
7.298,state,STAND,,,,
7.303,state,ANKLE_RECOVER,,,,
7.304,state,STAND,,,,
7.3205,state,ANKLE_RECOVER,,,,
7.321,state,STAND,,,,
7.3365,state,ANKLE_RECOVER,,,,
7.337,state,STAND,,,,
7.346,state,ANKLE_RECOVER,,,,
7.3465,state,STAND,,,,
7.351,state,ANKLE_RECOVER,,,,
7.3515,state,STAND,,,,
7.375,state,ANKLE_RECOVER,,,,
7.3755,state,STAND,,,,
7.385,state,ANKLE_RECOVER,,,,
7.3855,state,STAND,,,,
7.408,state,ANKLE_RECOVER,,,,
7.4085,state,STAND,,,,
7.4135,state,ANKLE_RECOVER,,,,
7.414,state,STAND,,,,
7.439,state,ANKLE_RECOVER,,,,
7.4395,state,STAND,,,,
7.4415,state,ANKLE_RECOVER,,,,
7.443,state,STAND,,,,
7.444,state,ANKLE_RECOVER,,,,
7.4445,state,STAND,,,,
7.4555,state,ANKLE_RECOVER,,,,
7.456,state,STAND,,,,
7.481,state,ANKLE_RECOVER,,,,
7.4815,state,STAND,,,,
7.489,state,ANKLE_RECOVER,,,,
7.49,state,STAND,,,,
7.4935,state,ANKLE_RECOVER,,,,
7.4945,state,STAND,,,,
7.5055,state,ANKLE_RECOVER,,,,
7.506,state,STAND,,,,
7.5085,state,ANKLE_RECOVER,,,,
7.509,state,STAND,,,,
7.5145,state,ANKLE_RECOVER,,,,
7.515,state,STAND,,,,
7.518,state,ANKLE_RECOVER,,,,
7.5185,state,STAND,,,,
7.544,state,ANKLE_RECOVER,,,,
7.5445,state,STAND,,,,
7.563,state,ANKLE_RECOVER,,,,
7.564,state,STAND,,,,
7.566,state,ANKLE_RECOVER,,,,
7.5715,state,STAND,,,,
7.5735,state,ANKLE_RECOVER,,,,
7.574,state,STAND,,,,
7.5755,state,ANKLE_RECOVER,,,,
7.576,state,STAND,,,,
7.598,state,ANKLE_RECOVER,,,,
7.5985,state,STAND,,,,
7.6065,state,ANKLE_RECOVER,,,,
7.607,state,STAND,,,,
7.6255,state,ANKLE_RECOVER,,,,
7.627,state,STAND,,,,
7.6285,state,ANKLE_RECOVER,,,,
7.631,state,STAND,,,,
7.633,state,ANKLE_RECOVER,,,,
7.6335,state,STAND,,,,
7.638,state,ANKLE_RECOVER,,,,
7.6385,state,STAND,,,,
7.6435,state,ANKLE_RECOVER,,,,
7.644,state,STAND,,,,
7.665,state,ANKLE_RECOVER,,,,
7.6655,state,STAND,,,,
7.675,state,ANKLE_RECOVER,,,,
7.676,state,STAND,,,,
7.6975,state,ANKLE_RECOVER,,,,
7.698,state,STAND,,,,
7.701,state,ANKLE_RECOVER,,,,
7.7015,state,STAND,,,,
7.719,state,ANKLE_RECOVER,,,,
7.7195,state,STAND,,,,
7.7445,state,ANKLE_RECOVER,,,,
7.747,state,STAND,,,,
7.7715,state,ANKLE_RECOVER,,,,
7.772,state,STAND,,,,
7.7745,state,ANKLE_RECOVER,,,,
7.7755,state,STAND,,,,
7.778,state,ANKLE_RECOVER,,,,
7.7785,state,STAND,,,,
7.7795,state,ANKLE_RECOVER,,,,
7.78,state,STAND,,,,
7.7825,state,ANKLE_RECOVER,,,,
7.783,state,STAND,,,,
7.7875,state,ANKLE_RECOVER,,,,
7.788,state,STAND,,,,
7.8075,state,ANKLE_RECOVER,,,,
7.808,state,STAND,,,,
7.829,state,ANKLE_RECOVER,,,,
7.8295,state,STAND,,,,
7.838,state,ANKLE_RECOVER,,,,
7.8385,state,STAND,,,,
7.8525,state,ANKLE_RECOVER,,,,
7.853,state,STAND,,,,
7.8545,state,ANKLE_RECOVER,,,,
7.855,state,STAND,,,,
7.86,state,ANKLE_RECOVER,,,,
7.8605,state,STAND,,,,
7.8635,state,ANKLE_RECOVER,,,,
7.864,state,STAND,,,,
7.868,state,ANKLE_RECOVER,,,,
7.8685,state,STAND,,,,
7.8735,state,ANKLE_RECOVER,,,,
7.874,state,STAND,,,,
7.8755,state,ANKLE_RECOVER,,,,
7.876,state,STAND,,,,
7.909,state,ANKLE_RECOVER,,,,
7.9095,state,STAND,,,,
7.912,state,ANKLE_RECOVER,,,,
7.9125,state,STAND,,,,
7.9295,state,ANKLE_RECOVER,,,,
7.93,state,STAND,,,,
7.9305,state,ANKLE_RECOVER,,,,
7.934,state,STAND,,,,
7.935,state,ANKLE_RECOVER,,,,
7.9355,state,STAND,,,,
7.936,state,ANKLE_RECOVER,,,,
7.9365,state,STAND,,,,
7.948,state,ANKLE_RECOVER,,,,
7.9485,state,STAND,,,,
7.949,state,ANKLE_RECOVER,,,,
7.9495,state,STAND,,,,
7.9615,state,ANKLE_RECOVER,,,,
7.962,state,STAND,,,,
7.965,state,ANKLE_RECOVER,,,,
7.9655,state,STAND,,,,
7.9755,state,ANKLE_RECOVER,,,,
7.976,state,STAND,,,,
7.977,state,ANKLE_RECOVER,,,,
7.978,state,STAND,,,,
7.982,state,ANKLE_RECOVER,,,,
7.9825,state,STAND,,,,
8.0245,state,ANKLE_RECOVER,,,,
8.025,state,STAND,,,,
8.0305,state,ANKLE_RECOVER,,,,
8.031,state,STAND,,,,
8.0605,state,ANKLE_RECOVER,,,,
8.061,state,STAND,,,,
8.0695,state,ANKLE_RECOVER,,,,
8.07,state,STAND,,,,
8.0765,state,ANKLE_RECOVER,,,,
8.077,state,STAND,,,,
8.0785,state,ANKLE_RECOVER,,,,
8.079,state,STAND,,,,
8.0835,state,ANKLE_RECOVER,,,,
8.084,state,STAND,,,,
8.0935,state,ANKLE_RECOVER,,,,
8.0945,state,STAND,,,,
8.1055,state,ANKLE_RECOVER,,,,
8.106,state,STAND,,,,
8.12,state,ANKLE_RECOVER,,,,
8.1205,state,STAND,,,,
8.131,state,ANKLE_RECOVER,,,,
8.1315,state,STAND,,,,
8.162,state,ANKLE_RECOVER,,,,
8.1625,state,STAND,,,,
8.179,state,ANKLE_RECOVER,,,,
8.1795,state,STAND,,,,
8.1825,state,ANKLE_RECOVER,,,,
8.183,state,STAND,,,,
8.1905,state,ANKLE_RECOVER,,,,
8.191,state,STAND,,,,
8.205,state,ANKLE_RECOVER,,,,
8.209,state,STAND,,,,
8.21,state,ANKLE_RECOVER,,,,
8.213,state,STAND,,,,
8.2235,state,ANKLE_RECOVER,,,,
8.224,state,STAND,,,,
8.255,state,ANKLE_RECOVER,,,,
8.2555,state,STAND,,,,
8.256,state,ANKLE_RECOVER,,,,
8.2565,state,STAND,,,,
8.26,state,ANKLE_RECOVER,,,,
8.2615,state,STAND,,,,
8.2745,state,ANKLE_RECOVER,,,,
8.275,state,STAND,,,,
8.2775,state,ANKLE_RECOVER,,,,
8.278,state,STAND,,,,
8.2805,state,ANKLE_RECOVER,,,,
8.2815,state,STAND,,,,
8.289,state,ANKLE_RECOVER,,,,
8.2895,state,STAND,,,,
8.291,state,ANKLE_RECOVER,,,,
8.2915,state,STAND,,,,
8.298,state,ANKLE_RECOVER,,,,
8.2985,state,STAND,,,,
8.304,state,ANKLE_RECOVER,,,,
8.3045,state,STAND,,,,
8.3055,state,ANKLE_RECOVER,,,,
8.306,state,STAND,,,,
8.3155,state,ANKLE_RECOVER,,,,
8.3165,state,STAND,,,,
8.3175,state,ANKLE_RECOVER,,,,
8.32,state,STAND,,,,
8.324,state,ANKLE_RECOVER,,,,
8.325,state,STAND,,,,
8.348,state,ANKLE_RECOVER,,,,
8.3485,state,STAND,,,,
8.352,state,ANKLE_RECOVER,,,,
8.3525,state,STAND,,,,
8.356,state,ANKLE_RECOVER,,,,
8.3565,state,STAND,,,,
8.43,state,ANKLE_RECOVER,,,,
8.4305,state,STAND,,,,
8.446,state,ANKLE_RECOVER,,,,
8.4465,state,STAND,,,,
8.458,state,ANKLE_RECOVER,,,,
8.4595,state,STAND,,,,
8.4615,state,ANKLE_RECOVER,,,,
8.462,state,STAND,,,,
8.469,state,ANKLE_RECOVER,,,,
8.4695,state,STAND,,,,
8.474,state,ANKLE_RECOVER,,,,
8.4745,state,STAND,,,,
8.4755,state,ANKLE_RECOVER,,,,
8.4765,state,STAND,,,,
8.4925,state,ANKLE_RECOVER,,,,
8.493,state,STAND,,,,
8.4975,state,ANKLE_RECOVER,,,,
8.498,state,STAND,,,,
8.5005,push,left 30N,0.0,30.0,0.015032441802011617,0.025759862337307243
8.507,state,ANKLE_RECOVER,,,,
8.641,state,STAND,,,,
8.673,state,ANKLE_RECOVER,,,,
8.68,state,STAND,,,,
8.6855,state,ANKLE_RECOVER,,,,
8.695,state,STAND,,,,
8.7,state,ANKLE_RECOVER,,,,
8.7045,state,STAND,,,,
8.7115,state,ANKLE_RECOVER,,,,
8.745,state,STAND,,,,
8.791,state,ANKLE_RECOVER,,,,
9.0285,state,STAND,,,,
9.034,state,ANKLE_RECOVER,,,,
9.0415,state,STAND,,,,
9.0465,state,ANKLE_RECOVER,,,,
9.053,state,STAND,,,,
9.056,state,ANKLE_RECOVER,,,,
9.0605,state,STAND,,,,
9.0615,state,ANKLE_RECOVER,,,,
9.065,state,STAND,,,,
9.0705,state,ANKLE_RECOVER,,,,
9.071,state,STAND,,,,
9.0735,state,ANKLE_RECOVER,,,,
9.0775,state,STAND,,,,
9.0825,state,ANKLE_RECOVER,,,,
9.0905,state,STAND,,,,
9.094,state,ANKLE_RECOVER,,,,
9.1,state,STAND,,,,
9.102,state,ANKLE_RECOVER,,,,
9.104,state,STAND,,,,
9.111,state,ANKLE_RECOVER,,,,
9.115,state,STAND,,,,
9.1195,state,ANKLE_RECOVER,,,,
9.1265,state,STAND,,,,
9.1285,state,ANKLE_RECOVER,,,,
9.1335,state,STAND,,,,
9.147,state,ANKLE_RECOVER,,,,
9.1545,state,STAND,,,,
9.157,state,ANKLE_RECOVER,,,,
9.3325,state,STAND,,,,
9.3375,state,ANKLE_RECOVER,,,,
9.3465,state,STAND,,,,
9.352,state,ANKLE_RECOVER,,,,
9.355,state,STAND,,,,
9.3555,state,ANKLE_RECOVER,,,,
9.3625,state,STAND,,,,
9.37,state,ANKLE_RECOVER,,,,
9.3725,state,STAND,,,,
9.373,state,ANKLE_RECOVER,,,,
9.3825,state,STAND,,,,
9.3885,state,ANKLE_RECOVER,,,,
9.392,state,STAND,,,,
9.393,state,ANKLE_RECOVER,,,,
9.403,state,STAND,,,,
9.4095,state,ANKLE_RECOVER,,,,
9.4265,state,STAND,,,,
9.4345,state,ANKLE_RECOVER,,,,
9.5575,state,STAND,,,,
9.562,state,ANKLE_RECOVER,,,,
9.5695,state,STAND,,,,
9.574,state,ANKLE_RECOVER,,,,
9.58,state,STAND,,,,
9.582,state,ANKLE_RECOVER,,,,
9.585,state,STAND,,,,
9.592,state,ANKLE_RECOVER,,,,
9.5955,state,STAND,,,,
9.601,state,ANKLE_RECOVER,,,,
9.6085,state,STAND,,,,
9.6145,state,ANKLE_RECOVER,,,,
9.622,state,STAND,,,,
9.6265,state,ANKLE_RECOVER,,,,
9.635,state,STAND,,,,
9.638,state,ANKLE_RECOVER,,,,
9.6435,state,STAND,,,,
9.647,state,ANKLE_RECOVER,,,,
9.6485,state,STAND,,,,
9.662,state,ANKLE_RECOVER,,,,
9.7675,state,STAND,,,,
9.771,state,ANKLE_RECOVER,,,,
9.791,state,STAND,,,,
9.825,state,ANKLE_RECOVER,,,,
9.83,state,STAND,,,,
9.84,state,ANKLE_RECOVER,,,,
9.8405,state,STAND,,,,
9.846,state,ANKLE_RECOVER,,,,
9.862,state,STAND,,,,
9.902,state,ANKLE_RECOVER,,,,
9.972,state,STAND,,,,
9.997,state,ANKLE_RECOVER,,,,
10.002,state,STAND,,,,
10.005,state,ANKLE_RECOVER,,,,
10.0055,state,STAND,,,,
10.01,state,ANKLE_RECOVER,,,,
10.0145,state,STAND,,,,
10.016,state,ANKLE_RECOVER,,,,
10.0315,state,STAND,,,,
10.066,state,ANKLE_RECOVER,,,,
10.0715,state,STAND,,,,
10.0765,state,ANKLE_RECOVER,,,,
10.077,state,STAND,,,,
10.0805,state,ANKLE_RECOVER,,,,
10.0815,state,STAND,,,,
10.0845,state,ANKLE_RECOVER,,,,
10.086,state,STAND,,,,
10.089,state,ANKLE_RECOVER,,,,
10.1725,state,STAND,,,,
10.203,state,ANKLE_RECOVER,,,,
10.2045,state,STAND,,,,
10.2145,state,ANKLE_RECOVER,,,,
10.215,state,STAND,,,,
10.2165,state,ANKLE_RECOVER,,,,
10.218,state,STAND,,,,
10.2225,state,ANKLE_RECOVER,,,,
10.2235,state,STAND,,,,
10.2285,state,ANKLE_RECOVER,,,,
10.237,state,STAND,,,,
10.2405,state,ANKLE_RECOVER,,,,
10.247,state,STAND,,,,
10.2475,state,ANKLE_RECOVER,,,,
10.248,state,STAND,,,,
10.2525,state,ANKLE_RECOVER,,,,
10.254,state,STAND,,,,
10.256,state,ANKLE_RECOVER,,,,
10.2575,state,STAND,,,,
10.259,state,ANKLE_RECOVER,,,,
10.2655,state,STAND,,,,
10.2665,state,ANKLE_RECOVER,,,,
10.267,state,STAND,,,,
10.2685,state,ANKLE_RECOVER,,,,
10.2695,state,STAND,,,,
10.2715,state,ANKLE_RECOVER,,,,
10.277,state,STAND,,,,
10.292,state,ANKLE_RECOVER,,,,
10.293,state,STAND,,,,
10.2965,state,ANKLE_RECOVER,,,,
10.297,state,STAND,,,,
10.298,state,ANKLE_RECOVER,,,,
10.299,state,STAND,,,,
10.306,state,ANKLE_RECOVER,,,,
10.3065,state,STAND,,,,
10.3095,state,ANKLE_RECOVER,,,,
10.31,state,STAND,,,,
10.317,state,ANKLE_RECOVER,,,,
10.3185,state,STAND,,,,
10.3215,state,ANKLE_RECOVER,,,,
10.322,state,STAND,,,,
10.3245,state,ANKLE_RECOVER,,,,
10.325,state,STAND,,,,
10.3305,state,ANKLE_RECOVER,,,,
10.3325,state,STAND,,,,
10.3475,state,ANKLE_RECOVER,,,,
10.3505,state,STAND,,,,
10.3555,state,ANKLE_RECOVER,,,,
10.356,state,STAND,,,,
10.3605,state,ANKLE_RECOVER,,,,
10.361,state,STAND,,,,
10.363,state,ANKLE_RECOVER,,,,
10.3635,state,STAND,,,,
10.388,state,ANKLE_RECOVER,,,,
10.3885,state,STAND,,,,
10.4015,state,ANKLE_RECOVER,,,,
10.402,state,STAND,,,,
10.407,state,ANKLE_RECOVER,,,,
10.4075,state,STAND,,,,
10.4135,state,ANKLE_RECOVER,,,,
10.4145,state,STAND,,,,
10.438,state,ANKLE_RECOVER,,,,
10.4385,state,STAND,,,,
10.4415,state,ANKLE_RECOVER,,,,
10.442,state,STAND,,,,
10.446,state,ANKLE_RECOVER,,,,
10.4465,state,STAND,,,,
10.4475,state,ANKLE_RECOVER,,,,
10.448,state,STAND,,,,
10.451,state,ANKLE_RECOVER,,,,
10.4515,state,STAND,,,,
10.4665,state,ANKLE_RECOVER,,,,
10.467,state,STAND,,,,
10.5015,state,ANKLE_RECOVER,,,,
10.502,state,STAND,,,,
10.5105,state,ANKLE_RECOVER,,,,
10.5115,state,STAND,,,,
10.5125,state,ANKLE_RECOVER,,,,
10.5135,state,STAND,,,,
10.516,state,ANKLE_RECOVER,,,,
10.5165,state,STAND,,,,
10.5175,state,ANKLE_RECOVER,,,,
10.518,state,STAND,,,,
10.5185,state,ANKLE_RECOVER,,,,
10.5195,state,STAND,,,,
10.5215,state,ANKLE_RECOVER,,,,
10.522,state,STAND,,,,
10.556,state,ANKLE_RECOVER,,,,
10.557,state,STAND,,,,
10.5605,state,ANKLE_RECOVER,,,,
10.561,state,STAND,,,,
10.567,state,ANKLE_RECOVER,,,,
10.5675,state,STAND,,,,
10.605,state,ANKLE_RECOVER,,,,
10.606,state,STAND,,,,
10.609,state,ANKLE_RECOVER,,,,
10.6105,state,STAND,,,,
10.614,state,ANKLE_RECOVER,,,,
10.615,state,STAND,,,,
10.6295,state,ANKLE_RECOVER,,,,
10.6305,state,STAND,,,,
10.634,state,ANKLE_RECOVER,,,,
10.635,state,STAND,,,,
10.637,state,ANKLE_RECOVER,,,,
10.6375,state,STAND,,,,
10.6425,state,ANKLE_RECOVER,,,,
10.6435,state,STAND,,,,
10.6495,state,ANKLE_RECOVER,,,,
10.65,state,STAND,,,,
10.6585,state,ANKLE_RECOVER,,,,
10.6595,state,STAND,,,,
10.662,state,ANKLE_RECOVER,,,,
10.6625,state,STAND,,,,
10.6635,state,ANKLE_RECOVER,,,,
10.6645,state,STAND,,,,
10.671,state,ANKLE_RECOVER,,,,
10.6715,state,STAND,,,,
10.691,state,ANKLE_RECOVER,,,,
10.692,state,STAND,,,,
10.6945,state,ANKLE_RECOVER,,,,
10.695,state,STAND,,,,
10.696,state,ANKLE_RECOVER,,,,
10.6965,state,STAND,,,,
10.6995,state,ANKLE_RECOVER,,,,
10.7,state,STAND,,,,
10.7075,state,ANKLE_RECOVER,,,,
10.708,state,STAND,,,,
10.7095,state,ANKLE_RECOVER,,,,
10.71,state,STAND,,,,
10.717,state,ANKLE_RECOVER,,,,
10.718,state,STAND,,,,
10.7485,state,ANKLE_RECOVER,,,,
10.75,state,STAND,,,,
10.7505,state,ANKLE_RECOVER,,,,
10.7515,state,STAND,,,,
10.7545,state,ANKLE_RECOVER,,,,
10.7555,state,STAND,,,,
10.7575,state,ANKLE_RECOVER,,,,
10.758,state,STAND,,,,
10.7665,state,ANKLE_RECOVER,,,,
10.767,state,STAND,,,,
10.7675,state,ANKLE_RECOVER,,,,
10.7695,state,STAND,,,,
10.7735,state,ANKLE_RECOVER,,,,
10.774,state,STAND,,,,
10.7815,state,ANKLE_RECOVER,,,,
10.782,state,STAND,,,,
10.7845,state,ANKLE_RECOVER,,,,
10.785,state,STAND,,,,
10.7895,state,ANKLE_RECOVER,,,,
10.7925,state,STAND,,,,
10.7935,state,ANKLE_RECOVER,,,,
10.794,state,STAND,,,,
10.7965,state,ANKLE_RECOVER,,,,
10.797,state,STAND,,,,
10.798,state,ANKLE_RECOVER,,,,
10.7985,state,STAND,,,,
10.808,state,ANKLE_RECOVER,,,,
10.8085,state,STAND,,,,
10.8525,state,ANKLE_RECOVER,,,,
10.853,state,STAND,,,,
10.859,state,ANKLE_RECOVER,,,,
10.861,state,STAND,,,,
10.8645,state,ANKLE_RECOVER,,,,
10.8655,state,STAND,,,,
10.868,state,ANKLE_RECOVER,,,,
10.869,state,STAND,,,,
10.8765,state,ANKLE_RECOVER,,,,
10.877,state,STAND,,,,
10.8925,state,ANKLE_RECOVER,,,,
10.893,state,STAND,,,,
10.9045,state,ANKLE_RECOVER,,,,
10.905,state,STAND,,,,
10.9115,state,ANKLE_RECOVER,,,,
10.912,state,STAND,,,,
10.915,state,ANKLE_RECOVER,,,,
10.916,state,STAND,,,,
10.9225,state,ANKLE_RECOVER,,,,
10.923,state,STAND,,,,
10.94,state,ANKLE_RECOVER,,,,
10.9405,state,STAND,,,,
10.954,state,ANKLE_RECOVER,,,,
10.955,state,STAND,,,,
10.9595,state,ANKLE_RECOVER,,,,
10.9615,state,STAND,,,,
10.9985,state,ANKLE_RECOVER,,,,
10.999,state,STAND,,,,
11.0225,state,ANKLE_RECOVER,,,,
11.023,state,STAND,,,,
11.04,state,ANKLE_RECOVER,,,,
11.041,state,STAND,,,,
11.0735,state,ANKLE_RECOVER,,,,
11.074,state,STAND,,,,
11.081,state,ANKLE_RECOVER,,,,
11.0815,state,STAND,,,,
11.0835,state,ANKLE_RECOVER,,,,
11.084,state,STAND,,,,
11.0935,state,ANKLE_RECOVER,,,,
11.094,state,STAND,,,,
11.0965,state,ANKLE_RECOVER,,,,
11.097,state,STAND,,,,
11.134,state,ANKLE_RECOVER,,,,
11.1345,state,STAND,,,,
11.152,state,ANKLE_RECOVER,,,,
11.1525,state,STAND,,,,
11.1555,state,ANKLE_RECOVER,,,,
11.156,state,STAND,,,,
11.1695,state,ANKLE_RECOVER,,,,
11.17,state,STAND,,,,
11.1975,state,ANKLE_RECOVER,,,,
11.198,state,STAND,,,,
11.2,state,ANKLE_RECOVER,,,,
11.2005,state,STAND,,,,
11.2265,state,ANKLE_RECOVER,,,,
11.2285,state,STAND,,,,
11.231,state,ANKLE_RECOVER,,,,
11.232,state,STAND,,,,
11.234,state,ANKLE_RECOVER,,,,
11.2365,state,STAND,,,,
11.2625,state,ANKLE_RECOVER,,,,
11.263,state,STAND,,,,
11.3005,state,ANKLE_RECOVER,,,,
11.3015,state,STAND,,,,
11.3025,state,ANKLE_RECOVER,,,,
11.303,state,STAND,,,,
11.312,state,ANKLE_RECOVER,,,,
11.3125,state,STAND,,,,
11.3395,state,ANKLE_RECOVER,,,,
11.34,state,STAND,,,,
11.3445,state,ANKLE_RECOVER,,,,
11.345,state,STAND,,,,
11.3695,state,ANKLE_RECOVER,,,,
11.371,state,STAND,,,,
11.373,state,ANKLE_RECOVER,,,,
11.374,state,STAND,,,,
11.376,state,ANKLE_RECOVER,,,,
11.379,state,STAND,,,,
11.385,state,ANKLE_RECOVER,,,,
11.3855,state,STAND,,,,
11.3895,state,ANKLE_RECOVER,,,,
11.39,state,STAND,,,,
11.398,state,ANKLE_RECOVER,,,,
11.3985,state,STAND,,,,
11.4275,state,ANKLE_RECOVER,,,,
11.428,state,STAND,,,,
11.437,state,ANKLE_RECOVER,,,,
11.438,state,STAND,,,,
11.4435,state,ANKLE_RECOVER,,,,
11.444,state,STAND,,,,
11.4625,state,ANKLE_RECOVER,,,,
11.463,state,STAND,,,,
11.4685,state,ANKLE_RECOVER,,,,
11.469,state,STAND,,,,
11.4815,state,ANKLE_RECOVER,,,,
11.4835,state,STAND,,,,
11.4855,state,ANKLE_RECOVER,,,,
11.486,state,STAND,,,,
11.4945,state,ANKLE_RECOVER,,,,
11.495,state,STAND,,,,
11.4955,state,ANKLE_RECOVER,,,,
11.496,state,STAND,,,,
11.4985,state,ANKLE_RECOVER,,,,
11.499,state,STAND,,,,
11.5,push,right 30N,0.0,-30.0,0.011807107992542533,0.05331639827694606
11.515,state,ANKLE_RECOVER,,,,
11.668,state,STAND,,,,
11.721,state,ANKLE_RECOVER,,,,
11.7325,state,STAND,,,,
11.7375,state,ANKLE_RECOVER,,,,
11.746,state,STAND,,,,
11.749,state,ANKLE_RECOVER,,,,
11.7515,state,STAND,,,,
11.768,state,ANKLE_RECOVER,,,,
11.7745,state,STAND,,,,
11.7785,state,ANKLE_RECOVER,,,,
11.7855,state,STAND,,,,
11.787,state,ANKLE_RECOVER,,,,
11.805,state,STAND,,,,
11.8415,state,ANKLE_RECOVER,,,,
11.853,state,STAND,,,,
11.8585,state,ANKLE_RECOVER,,,,
12.1245,state,STAND,,,,
12.1305,state,ANKLE_RECOVER,,,,
12.14,state,STAND,,,,
12.146,state,ANKLE_RECOVER,,,,
12.1545,state,STAND,,,,
12.1605,state,ANKLE_RECOVER,,,,
12.168,state,STAND,,,,
12.173,state,ANKLE_RECOVER,,,,
12.1815,state,STAND,,,,
12.185,state,ANKLE_RECOVER,,,,
12.1905,state,STAND,,,,
12.193,state,ANKLE_RECOVER,,,,
12.1965,state,STAND,,,,
12.2055,state,ANKLE_RECOVER,,,,
12.2065,state,STAND,,,,
12.2125,state,ANKLE_RECOVER,,,,
12.2185,state,STAND,,,,
12.224,state,ANKLE_RECOVER,,,,
12.2325,state,STAND,,,,
12.2365,state,ANKLE_RECOVER,,,,
12.3995,state,STAND,,,,
12.4045,state,ANKLE_RECOVER,,,,
12.4135,state,STAND,,,,
12.422,state,ANKLE_RECOVER,,,,
12.4275,state,STAND,,,,
12.434,state,ANKLE_RECOVER,,,,
12.4435,state,STAND,,,,
12.4495,state,ANKLE_RECOVER,,,,
12.459,state,STAND,,,,
12.4635,state,ANKLE_RECOVER,,,,
12.473,state,STAND,,,,
12.4955,state,ANKLE_RECOVER,,,,
12.5045,state,STAND,,,,
12.509,state,ANKLE_RECOVER,,,,
12.6795,state,STAND,,,,
12.6815,state,ANKLE_RECOVER,,,,
12.682,state,STAND,,,,
12.6875,state,ANKLE_RECOVER,,,,
12.6935,state,STAND,,,,
12.694,state,ANKLE_RECOVER,,,,
12.697,state,STAND,,,,
12.7195,state,ANKLE_RECOVER,,,,
12.7295,state,STAND,,,,
12.735,state,ANKLE_RECOVER,,,,
12.7465,state,STAND,,,,
12.751,state,ANKLE_RECOVER,,,,
12.7595,state,STAND,,,,
12.781,state,ANKLE_RECOVER,,,,
12.788,state,STAND,,,,
12.793,state,ANKLE_RECOVER,,,,
12.876,state,STAND,,,,
12.9305,state,ANKLE_RECOVER,,,,
12.934,state,STAND,,,,
12.9385,state,ANKLE_RECOVER,,,,
12.9535,state,STAND,,,,
12.9675,state,ANKLE_RECOVER,,,,
12.9725,state,STAND,,,,
12.978,state,ANKLE_RECOVER,,,,
12.9825,state,STAND,,,,
12.986,state,ANKLE_RECOVER,,,,
12.9875,state,STAND,,,,
12.989,state,ANKLE_RECOVER,,,,
12.99,state,STAND,,,,
12.992,state,ANKLE_RECOVER,,,,
12.998,state,STAND,,,,
13.0025,state,ANKLE_RECOVER,,,,
13.008,state,STAND,,,,
13.012,state,ANKLE_RECOVER,,,,
13.0135,state,STAND,,,,
13.014,state,ANKLE_RECOVER,,,,
13.057,state,STAND,,,,
13.058,state,ANKLE_RECOVER,,,,
13.0585,state,STAND,,,,
13.0615,state,ANKLE_RECOVER,,,,
13.062,state,STAND,,,,
13.065,state,ANKLE_RECOVER,,,,
13.066,state,STAND,,,,
13.0805,state,ANKLE_RECOVER,,,,
13.085,state,STAND,,,,
13.0905,state,ANKLE_RECOVER,,,,
13.092,state,STAND,,,,
13.0945,state,ANKLE_RECOVER,,,,
13.095,state,STAND,,,,
13.096,state,ANKLE_RECOVER,,,,
13.0975,state,STAND,,,,
13.1075,state,ANKLE_RECOVER,,,,
13.115,state,STAND,,,,
13.1185,state,ANKLE_RECOVER,,,,
13.125,state,STAND,,,,
13.126,state,ANKLE_RECOVER,,,,
13.128,state,STAND,,,,
13.1355,state,ANKLE_RECOVER,,,,
13.1365,state,STAND,,,,
13.138,state,ANKLE_RECOVER,,,,
13.1385,state,STAND,,,,
13.14,state,ANKLE_RECOVER,,,,
13.142,state,STAND,,,,
13.1445,state,ANKLE_RECOVER,,,,
13.145,state,STAND,,,,
13.1475,state,ANKLE_RECOVER,,,,
13.151,state,STAND,,,,
13.173,state,ANKLE_RECOVER,,,,
13.1735,state,STAND,,,,
13.1775,state,ANKLE_RECOVER,,,,
13.178,state,STAND,,,,
13.18,state,ANKLE_RECOVER,,,,
13.1805,state,STAND,,,,
13.253,state,ANKLE_RECOVER,,,,
13.2535,state,STAND,,,,
13.272,state,ANKLE_RECOVER,,,,
13.2725,state,STAND,,,,
13.2785,state,ANKLE_RECOVER,,,,
13.279,state,STAND,,,,
13.28,state,ANKLE_RECOVER,,,,
13.2805,state,STAND,,,,
13.3115,state,ANKLE_RECOVER,,,,
13.312,state,STAND,,,,
13.3155,state,ANKLE_RECOVER,,,,
13.316,state,STAND,,,,
13.3255,state,ANKLE_RECOVER,,,,
13.326,state,STAND,,,,
13.419,state,ANKLE_RECOVER,,,,
13.4195,state,STAND,,,,
13.4575,state,ANKLE_RECOVER,,,,
13.458,state,STAND,,,,
13.4765,state,ANKLE_RECOVER,,,,
13.477,state,STAND,,,,
13.5175,state,ANKLE_RECOVER,,,,
13.518,state,STAND,,,,
13.525,state,ANKLE_RECOVER,,,,
13.5255,state,STAND,,,,
13.5365,state,ANKLE_RECOVER,,,,
13.5375,state,STAND,,,,
13.576,state,ANKLE_RECOVER,,,,
13.577,state,STAND,,,,
13.583,state,ANKLE_RECOVER,,,,
13.586,state,STAND,,,,
13.591,state,ANKLE_RECOVER,,,,
13.592,state,STAND,,,,
13.598,state,ANKLE_RECOVER,,,,
13.5985,state,STAND,,,,
13.607,state,ANKLE_RECOVER,,,,
13.6075,state,STAND,,,,
13.6085,state,ANKLE_RECOVER,,,,
13.609,state,STAND,,,,
13.611,state,ANKLE_RECOVER,,,,
13.6115,state,STAND,,,,
13.618,state,ANKLE_RECOVER,,,,
13.6185,state,STAND,,,,
13.621,state,ANKLE_RECOVER,,,,
13.6215,state,STAND,,,,
13.6305,state,ANKLE_RECOVER,,,,
13.631,state,STAND,,,,
13.6345,state,ANKLE_RECOVER,,,,
13.635,state,STAND,,,,
13.6535,state,ANKLE_RECOVER,,,,
13.654,state,STAND,,,,
13.6845,state,ANKLE_RECOVER,,,,
13.6855,state,STAND,,,,
13.692,state,ANKLE_RECOVER,,,,
13.6925,state,STAND,,,,
13.6965,state,ANKLE_RECOVER,,,,
13.697,state,STAND,,,,
13.7065,state,ANKLE_RECOVER,,,,
13.707,state,STAND,,,,
13.7135,state,ANKLE_RECOVER,,,,
13.714,state,STAND,,,,
13.722,state,ANKLE_RECOVER,,,,
13.7225,state,STAND,,,,
13.745,state,ANKLE_RECOVER,,,,
13.7455,state,STAND,,,,
13.78,state,ANKLE_RECOVER,,,,
13.7805,state,STAND,,,,
13.823,state,ANKLE_RECOVER,,,,
13.8235,state,STAND,,,,
13.83,state,ANKLE_RECOVER,,,,
13.8305,state,STAND,,,,
13.831,state,ANKLE_RECOVER,,,,
13.8315,state,STAND,,,,
13.834,state,ANKLE_RECOVER,,,,
13.8345,state,STAND,,,,
13.838,state,ANKLE_RECOVER,,,,
13.8385,state,STAND,,,,
13.845,state,ANKLE_RECOVER,,,,
13.8455,state,STAND,,,,
13.846,state,ANKLE_RECOVER,,,,
13.8465,state,STAND,,,,
13.85,state,ANKLE_RECOVER,,,,
13.8505,state,STAND,,,,
13.8565,state,ANKLE_RECOVER,,,,
13.857,state,STAND,,,,
13.858,state,ANKLE_RECOVER,,,,
13.8595,state,STAND,,,,
13.8615,state,ANKLE_RECOVER,,,,
13.8685,state,STAND,,,,
13.8705,state,ANKLE_RECOVER,,,,
13.875,state,STAND,,,,
13.876,state,ANKLE_RECOVER,,,,
13.8775,state,STAND,,,,
13.88,state,ANKLE_RECOVER,,,,
13.8805,state,STAND,,,,
13.898,state,ANKLE_RECOVER,,,,
13.8985,state,STAND,,,,
13.9085,state,ANKLE_RECOVER,,,,
13.909,state,STAND,,,,
13.91,state,ANKLE_RECOVER,,,,
13.911,state,STAND,,,,
13.922,state,ANKLE_RECOVER,,,,
13.923,state,STAND,,,,
13.9255,state,ANKLE_RECOVER,,,,
13.926,state,STAND,,,,
13.9315,state,ANKLE_RECOVER,,,,
13.932,state,STAND,,,,
13.9505,state,ANKLE_RECOVER,,,,
13.951,state,STAND,,,,
13.954,state,ANKLE_RECOVER,,,,
13.9545,state,STAND,,,,
13.957,state,ANKLE_RECOVER,,,,
13.9575,state,STAND,,,,
13.9585,state,ANKLE_RECOVER,,,,
13.9595,state,STAND,,,,
13.9835,state,ANKLE_RECOVER,,,,
13.984,state,STAND,,,,
13.9865,state,ANKLE_RECOVER,,,,
13.9875,state,STAND,,,,
13.9905,state,ANKLE_RECOVER,,,,
13.9915,state,STAND,,,,
13.9935,state,ANKLE_RECOVER,,,,
13.9945,state,STAND,,,,
